--19120583
USE master
GO
IF DB_ID('QLCB') IS NOT NULL 
	DROP DATABASE QLCB
GO
CREATE DATABASE QLCB
GO
USE QLCB
GO

CREATE TABLE KHACHHANG
(
MAKH CHAR(15),
TEN CHAR(15),
DIACHI CHAR(50),
DTHOAI CHAR(12)

CONSTRAINT PK_KH
PRIMARY KEY (MAKH)
)
GO

CREATE TABLE NHANVIEN
(
MANV CHAR(15),
TEN CHAR(15),
DIACHI CHAR(50),
DTHOAI CHAR(12),
LUONG FLOAT,
LOAINV BIT

CONSTRAINT PK_NV
PRIMARY KEY (MANV)
)
GO

CREATE TABLE LOAIMB
(
MALOAI CHAR(15),
HANGSX CHAR(15)

CONSTRAINT PK_LOAIMB
PRIMARY KEY (MALOAI)
)
GO

CREATE TABLE MAYBAY
(
SOHIEU INT,
MALOAI CHAR(15)

CONSTRAINT PK_MB
PRIMARY KEY (SOHIEU,MALOAI)
)
GO

CREATE TABLE CHUYENBAY
(
MACB CHAR(4),
SBDI CHAR(3),
SBDEN CHAR(3),
GIODI TIME,
GIODEN TIME

CONSTRAINT PK_CB
PRIMARY KEY (MACB)
)
GO

CREATE TABLE LICHBAY
(
NGAYDI DATE,
MACB CHAR(4),
SOHIEU INT,
MALOAI CHAR(15)

CONSTRAINT PK_LB
PRIMARY KEY (NGAYDI,MACB)
)
GO

CREATE TABLE DATCHO
(
MAKH CHAR(15),
NGAYDI DATE,
MACB CHAR(4)

CONSTRAINT PK_DC
PRIMARY KEY (MAKH,NGAYDI,MACB)
)
GO

CREATE TABLE KHANANG
(
MANV CHAR(15),
MALOAI CHAR(15)

CONSTRAINT PK_KN
PRIMARY KEY (MANV,MALOAI)
)
GO

CREATE TABLE PHANCONG
(
MANV CHAR(15),
NGAYDI DATE,
MACB CHAR(4)

CONSTRAINT PK_PC
PRIMARY KEY (MANV,NGAYDI,MACB)
)
GO

ALTER TABLE DATCHO
ADD
	CONSTRAINT FK_DC_KH
	FOREIGN KEY(MAKH)
	REFERENCES KHACHHANG(MAKH),

	CONSTRAINT FK_DC_LB
	FOREIGN KEY(NGAYDI,MACB)
	REFERENCES LICHBAY(NGAYDI,MACB)
GO

ALTER TABLE MAYBAY
ADD
	CONSTRAINT FK_MB_LMB
	FOREIGN KEY(MALOAI)
	REFERENCES LOAIMB
GO

ALTER TABLE KHANANG
ADD
	CONSTRAINT FK_KN_LMB
	FOREIGN KEY(MALOAI)
	REFERENCES LOAIMB,

	CONSTRAINT FK_KN_NV
	FOREIGN KEY(MANV)
	REFERENCES NHANVIEN
 GO

 ALTER TABLE PHANCONG
 ADD
	CONSTRAINT FK_PC_NV
	FOREIGN KEY(MANV)
	REFERENCES NHANVIEN,

	CONSTRAINT FK_PC_LB
	FOREIGN KEY(NGAYDI,MACB)
	REFERENCES LICHBAY
GO

ALTER TABLE LICHBAY
ADD
	CONSTRAINT FK_LB_CB
	FOREIGN KEY(MACB)
	REFERENCES CHUYENBAY,

	CONSTRAINT FK_LB_MB
	FOREIGN KEY(SOHIEU,MALOAI)
	REFERENCES MAYBAY
GO

INSERT INTO NHANVIEN(MANV,TEN,DIACHI,DTHOAI,LUONG,LOAINV)
VALUES
('1006','Chi','12/6 Nguyen Kiem','8120012',150000,0),
('1005','Giao','65 Nguyen Thai Son','8324467',500000,0),
('1001','Huong','8 Dien Bien Phu','8330733',500000,1),
('1002','Phong','1 Ly Thuong Kiet','8308117',450000,1),
('1004','Phuong','351 Lac Long Quan','8308155',250000,0),
('1003','Quang','78 Truong Dinh','8324461',350000,1),
('1007','Tam','36 Nguyen Van Cu','8458188',500000,0)
GO

INSERT INTO KHACHHANG(MAKH,TEN,DIACHI,DTHOAI)
VALUES
('0009','Nga','223 Nguyen Trai','8932320'),
('0101','Anh','567 Tran Phu','8826729'),
('0045','Thu','285 Le Loi','8932203'),
('0012','Ha','435 Quang Trung','8933232'),
('0238','Hung','456 Pasteur','9812101'),
('0397','Thanh','234 Le Van Si','8952943'),
('0582','Mai','789 Nguyen Du',NULL),
('0934','Minh','678 Le Lai',NULL),
('0091','Hai','345 Hung Vuong','8893223'),
('0314','Phuong','395 Vo Van Tan', '8232320'),
('0613','Vu','348 CMT8','8343232'),
('0586','Son','123 Bach Dang','8556223'),
('0422','Tien','75 Nguyen Thong','8332222')
GO

INSERT INTO LOAIMB(HANGSX,MALOAI)
VALUES
('Airbus','A310'),
('Airbus','A320'),
('Airbus','A330'),
('Airbus','A340'),
('Boeing','B727'),
('Boeing','B747'),
('Boeing','B757'),
('MD','DC10'),
('MD','DC9')
GO

INSERT INTO KHANANG(MANV,MALOAI)
VALUES
('1001','B727'),
('1001','B747'),
('1001','DC10'),
('1001','DC9'),
('1002','A320'),
('1002','A340'),
('1002','B757'),
('1002','DC9'),
('1003','A310'),
('1003','DC9')
GO

INSERT INTO CHUYENBAY(MACB,SBDI,SBDEN,GIODI,GIODEN)
VALUES
('100','SLC','BOS','08:00','17:50'),
('112','DCA','DEN','14:00','18:07'),
('121','STL','SLC','07:00','09:13'),
('122','STL','YYV','08:30','10:19'),
('206','DFW','STL','09:00','11:40'),
('330','JFK','YYV','16:00','18:53'),
('334','ORD','MIA','12:00','14:14'),
('335','MIA','ORD','15:00','17:14'),
('336','ORD','MIA','18:00','20:14'),
('337','MIA','ORD','20:30','23:53'),
('394','DFW','MIA','19:00','21:30'),
('395','MIA','DFW','21:00','23:43'),
('449','CDG','DEN','10:00','19:29'),
('930','YYV','DCA','13:00','16:10'),
('931','DCA','YYV','17:00','18:10'),
('932','DCA','YYV','18:00','19:10'),
('991','BOS','ORD','17:00','18:22')
GO

INSERT INTO MAYBAY(SOHIEU,MALOAI)
VALUES
(10,'B747'),
(11,'B727'),
(13,'B727'),
(13,'B747'),
(21,'DC10'),
(21,'DC9'),
(22,'B757'),
(22,'DC9'),
(23,'DC9'),
(24,'DC9'),
(70,'A310'),
(80,'A310'),
(93,'B757')
GO

INSERT INTO LICHBAY(NGAYDI,MACB,SOHIEU,MALOAI)
VALUES
('2000-11-1','100',80,'A310'),
('2000-11-1','112',21,'DC10'),
('2000-11-1','206',22,'DC9'),
('2000-11-1','334',10,'B747'),
('2000-11-1','395',23,'DC9'),
('2000-11-1','991',22,'B757'),
('2000-11-01','337',10,'B747'),
('2000-10-31','100',11,'B727'),
('2000-10-31','112',11,'B727'),
('2000-10-31','206',13,'B727'),
('2000-10-31','334',10,'B747'),
('2000-10-31','335',10,'B747'),
('2000-10-31','337',24,'DC9'),
('2000-10-31','449',70,'A310')
GO

INSERT INTO PHANCONG(MANV,NGAYDI,MACB)
VALUES
('1001','2000-11-01','100'),
('1001','2000-10-31','100'),
('1002','2000-11-01','100'),
('1002','2000-10-31','100'),
('1003','2000-10-31','100'),
('1003','2000-10-31','337'),
('1004','2000-10-31','100'),
('1004','2000-10-31','337'),
('1005','2000-10-31','337'),
('1006','2000-11-01','991'),
('1006','2000-10-31','337'),
('1007','2000-11-01','112'),
('1007','2000-11-01','991'),
('1007','2000-10-31','206')
GO

INSERT INTO DATCHO(MAKH,NGAYDI,MACB)
VALUES
('0009','2000-11-01','100'),
('0009','2000-10-31','449'),
('0045','2000-11-01','991'),
('0012','2000-10-31','206'),
('0238','2000-10-31','334'),
('0582','2000-11-01','991'),
('0091','2000-11-01','100'),
('0314','2000-10-31','449'),
('0613','2000-11-01','100'),
('0586','2000-11-01','991'),
('0586','2000-10-31','100'),
('0422','2000-10-31','449')
GO
